{
  "evaluation_date": "2025-12-14T16:22:58.905031",
  "total_questions": 10,
  "avg_response_time_ms": 2318.103814125061,
  "avg_cost_usd": 0.0010822520000000001,
  "avg_semantic_similarity": 0.6159001747879472,
  "avg_keyword_overlap": 0.20207070707070707,
  "url_coverage_pct": 10.0
}